
INSERT INTO `tabledefs` (`uuid`, `displayname`, `prefix`, `type`, `moduleid`, `maintable`, `querytable`, `editfile`, `editroleid`, `addfile`, `addroleid`, `importfile`, `importroleid`, `searchroleid`, `advsearchroleid`, `viewsqlroleid`, `deletebutton`, `canpost`, `apiaccessible`, `hascustomfields`, `defaultwhereclause`, `defaultsortorder`, `defaultsearchtype`, `defaultcriteriafindoptions`, `defaultcriteriaselection`, `createdby`, `creationdate`, `modifiedby`, `modifieddate`) VALUES ('tbld:1047b638-61e8-11e1-97c4-001d0923519e','Category Overrides','covd','table','mod:6ed4e9fa-76f8-11df-a1a0-00238b586e42','category_overrides','category_overrides LEFT JOIN categories AS `defaults` ON (category_overrides.categoryid = defaults.uuid)','modules/activewms/category_overrides_addedit.php',NULL,'modules/activewms/category_overrides_addedit.php',NULL,NULL,'Admin',NULL,'Admin','Admin','deactivate',0,0,1,'category_overrides.id !=0','category_overrides.name',NULL,NULL,NULL,1, NOW(), 1, NOW());
INSERT INTO `tablecolumns` (`tabledefid`, `name`, `column`, `align`, `footerquery`, `displayorder`, `sortorder`, `wrap`, `size`, `format`, `roleid`) VALUES ('tbld:1047b638-61e8-11e1-97c4-001d0923519e','name','if(category_overrides.webdescription, concat(\'[b]\', category_overrides.name,\'[/b][br]\',category_overrides.webdescription), concat(\'[b]\', category_overrides.name,\'[/b]\'))','left','',1,'category_overrides.name',0,'100%','bbcode','');
INSERT INTO `tablecolumns` (`tabledefid`, `name`, `column`, `align`, `footerquery`, `displayorder`, `sortorder`, `wrap`, `size`, `format`, `roleid`) VALUES ('tbld:1047b638-61e8-11e1-97c4-001d0923519e','override for','if(isnull(defaults.uuid), \'None\', defaults.name)','left','',2,'',0,'',NULL,'');
INSERT INTO `tablecolumns` (`tabledefid`, `name`, `column`, `align`, `footerquery`, `displayorder`, `sortorder`, `wrap`, `size`, `format`, `roleid`) VALUES ('tbld:1047b638-61e8-11e1-97c4-001d0923519e','display order','defaults.displayorder','right','',4,'',0,'',NULL,'');
INSERT INTO `tablecolumns` (`tabledefid`, `name`, `column`, `align`, `footerquery`, `displayorder`, `sortorder`, `wrap`, `size`, `format`, `roleid`) VALUES ('tbld:1047b638-61e8-11e1-97c4-001d0923519e','web','category_overrides.webenabled','center','',0,'',0,'','boolean','');
INSERT INTO `tablefindoptions` (`tabledefid`, `name`, `search`, `displayorder`, `roleid`) VALUES ('tbld:1047b638-61e8-11e1-97c4-001d0923519e','All Records','category_overrides.id != 0',1,'');
INSERT INTO `tablefindoptions` (`tabledefid`, `name`, `search`, `displayorder`, `roleid`) VALUES ('tbld:1047b638-61e8-11e1-97c4-001d0923519e','Active Records','category_overrides.inactive=0',1,'');
INSERT INTO `tablefindoptions` (`tabledefid`, `name`, `search`, `displayorder`, `roleid`) VALUES ('tbld:1047b638-61e8-11e1-97c4-001d0923519e','Inactive Records','category_overrides.inactive=1',2,'');
INSERT INTO `tableoptions` (`tabledefid`, `name`, `option`, `needselect`, `othercommand`, `roleid`, `displayorder`) VALUES ('tbld:1047b638-61e8-11e1-97c4-001d0923519e','select','1',0,0,'',0);
INSERT INTO `tableoptions` (`tabledefid`, `name`, `option`, `needselect`, `othercommand`, `roleid`, `displayorder`) VALUES ('tbld:1047b638-61e8-11e1-97c4-001d0923519e','edit','1',0,0,'',0);
INSERT INTO `tableoptions` (`tabledefid`, `name`, `option`, `needselect`, `othercommand`, `roleid`, `displayorder`) VALUES ('tbld:1047b638-61e8-11e1-97c4-001d0923519e','new','1',0,0,'',0);
INSERT INTO `tableoptions` (`tabledefid`, `name`, `option`, `needselect`, `othercommand`, `roleid`, `displayorder`) VALUES ('tbld:1047b638-61e8-11e1-97c4-001d0923519e','import','1',0,0,'',0);
INSERT INTO `tablesearchablefields` (`tabledefid`, `field`, `name`, `displayorder`, `type`) VALUES ('tbld:1047b638-61e8-11e1-97c4-001d0923519e','category_overrides.name','name',0,'field');
INSERT INTO `tablesearchablefields` (`tabledefid`, `field`, `name`, `displayorder`, `type`) VALUES ('tbld:1047b638-61e8-11e1-97c4-001d0923519e','category_overrides.id','id',1,'field');


INSERT INTO `tabledefs` (`uuid`, `displayname`, `prefix`, `type`, `moduleid`, `maintable`, `querytable`, `editfile`, `editroleid`, `addfile`, `addroleid`, `importfile`, `importroleid`, `searchroleid`, `advsearchroleid`, `viewsqlroleid`, `deletebutton`, `canpost`, `apiaccessible`, `hascustomfields`, `defaultwhereclause`, `defaultsortorder`, `defaultsearchtype`, `defaultcriteriafindoptions`, `defaultcriteriaselection`, `createdby`, `creationdate`, `modifiedby`, `modifieddate`) VALUES ('tbld:2a692f24-61e8-11e1-8ba5-001d0923519e','Sport Overrides','sovd','table','mod:6ed4e9fa-76f8-11df-a1a0-00238b586e42','sport_overrides','sport_overrides LEFT JOIN sports AS `defaults` ON (sport_overrides.sportid = defaults.uuid)','modules/activewms/sport_overrides_addedit.php',NULL,'modules/activewms/sport_overrides_addedit.php',NULL,NULL,'Admin',NULL,'Admin','Admin','deactivate',0,0,1,'sport_overrides.id !=0','sport_overrides.name',NULL,NULL,NULL,1, NOW(), 1, NOW());
INSERT INTO `tablecolumns` (`tabledefid`, `name`, `column`, `align`, `footerquery`, `displayorder`, `sortorder`, `wrap`, `size`, `format`, `roleid`) VALUES ('tbld:2a692f24-61e8-11e1-8ba5-001d0923519e','name','if(sport_overrides.webdescription, concat(\'[b]\', sport_overrides.name,\'[/b][br]\',sport_overrides.webdescription), concat(\'[b]\', sport_overrides.name,\'[/b]\'))','left','',1,'sport_overrides.name',0,'100%','bbcode','');
INSERT INTO `tablecolumns` (`tabledefid`, `name`, `column`, `align`, `footerquery`, `displayorder`, `sortorder`, `wrap`, `size`, `format`, `roleid`) VALUES ('tbld:2a692f24-61e8-11e1-8ba5-001d0923519e','override for','if(isnull(defaults.uuid), \'None\', defaults.name)','left','',2,'',0,'',NULL,'');
INSERT INTO `tablecolumns` (`tabledefid`, `name`, `column`, `align`, `footerquery`, `displayorder`, `sortorder`, `wrap`, `size`, `format`, `roleid`) VALUES ('tbld:2a692f24-61e8-11e1-8ba5-001d0923519e','display order','defaults.displayorder','right','',4,'',0,'',NULL,'');
INSERT INTO `tablecolumns` (`tabledefid`, `name`, `column`, `align`, `footerquery`, `displayorder`, `sortorder`, `wrap`, `size`, `format`, `roleid`) VALUES ('tbld:2a692f24-61e8-11e1-8ba5-001d0923519e','web','sport_overrides.webenabled','center','',0,'',0,'','boolean','');
INSERT INTO `tablefindoptions` (`tabledefid`, `name`, `search`, `displayorder`, `roleid`) VALUES ('tbld:2a692f24-61e8-11e1-8ba5-001d0923519e','All Records','sport_overrides.id != 0',1,'');
INSERT INTO `tablefindoptions` (`tabledefid`, `name`, `search`, `displayorder`, `roleid`) VALUES ('tbld:2a692f24-61e8-11e1-8ba5-001d0923519e','Active Records','sport_overrides.inactive=0',1,'');
INSERT INTO `tablefindoptions` (`tabledefid`, `name`, `search`, `displayorder`, `roleid`) VALUES ('tbld:2a692f24-61e8-11e1-8ba5-001d0923519e','Inactive Records','sport_overrides.inactive=1',2,'');
INSERT INTO `tableoptions` (`tabledefid`, `name`, `option`, `needselect`, `othercommand`, `roleid`, `displayorder`) VALUES ('tbld:2a692f24-61e8-11e1-8ba5-001d0923519e','select','1',0,0,'',0);
INSERT INTO `tableoptions` (`tabledefid`, `name`, `option`, `needselect`, `othercommand`, `roleid`, `displayorder`) VALUES ('tbld:2a692f24-61e8-11e1-8ba5-001d0923519e','edit','1',0,0,'',0);
INSERT INTO `tableoptions` (`tabledefid`, `name`, `option`, `needselect`, `othercommand`, `roleid`, `displayorder`) VALUES ('tbld:2a692f24-61e8-11e1-8ba5-001d0923519e','new','1',0,0,'',0);
INSERT INTO `tableoptions` (`tabledefid`, `name`, `option`, `needselect`, `othercommand`, `roleid`, `displayorder`) VALUES ('tbld:2a692f24-61e8-11e1-8ba5-001d0923519e','import','1',0,0,'',0);
INSERT INTO `tablesearchablefields` (`tabledefid`, `field`, `name`, `displayorder`, `type`) VALUES ('tbld:2a692f24-61e8-11e1-8ba5-001d0923519e','sport_overrides.name','name',0,'field');
INSERT INTO `tablesearchablefields` (`tabledefid`, `field`, `name`, `displayorder`, `type`) VALUES ('tbld:2a692f24-61e8-11e1-8ba5-001d0923519e','sport_overrides.id','id',1,'field');
